Workbook

Sheet 覆盖总览
A1: 软件杯 A3 智学引擎 比赛要求覆盖矩阵
A3: 生成日期 | B3: 2026-06-21 23:41
A4: 比赛要求来源 | B4: A3-基于大模型的个性化资源生成与学习多智能体系统开发_比赛要求文档.docx
A5: 需求基准 | B5: 软件杯A3_智学引擎_需求规格说明书_v1.2_用户系统版.docx
A6: 编制口径 | B6: 面向真实使用的学习系统；比赛提交材料单独跟踪，不写成系统功能。v1.1 矩阵已按 v1.2 需求文档关闭部分覆盖缺口。
A8: 指标 | B8: 数值 | C8: 说明
A9: 总要求条目 | B9: =COUNTA('比赛要求覆盖矩阵'!A2:A200) | C9: 覆盖比赛功能、非功能、实现数据、文档与提交要求。
A10: 完全覆盖 | B10: =COUNTIF('比赛要求覆盖矩阵'!J2:J200,"完全覆盖") | C10: 已在需求规格说明书中形成明确承接。
A11: 部分覆盖 | B11: =COUNTIF('比赛要求覆盖矩阵'!J2:J200,"部分覆盖") | C11: 需求层已有承接，但需设计、测试、数据或交付文档补证据。
A12: 需补充 | B12: =COUNTIF('比赛要求覆盖矩阵'!J2:J200,"需补充") | C12: 当前需求基准未充分覆盖。
A13: 文档外交付 | B13: =COUNTIF('比赛要求覆盖矩阵'!J2:J200,"文档外交付") | C13: 属于比赛提交材料，不进入系统功能需求。
A14: 实质覆盖率 | B14: =IF((B9-B13)<=0,0,(B10+0.5*B11)/(B9-B13)) | C14: 不含文档外交付项，部分覆盖按 50% 折算。
A17: 类别 | B17: 总数 | C17: 完全覆盖 | D17: 部分覆盖 | E17: 需补充 | F17: 文档外交付
A18: 加分功能 | B18: =COUNTIF('比赛要求覆盖矩阵'!B:B,A18) | C18: =COUNTIFS('比赛要求覆盖矩阵'!B:B,A18,'比赛要求覆盖矩阵'!J:J,"完全覆盖") | D18: =COUNTIFS('比赛要求覆盖矩阵'!B:B,A18,'比赛要求覆盖矩阵'!J:J,"部分覆盖") | E18: =COUNTIFS('比赛要求覆盖矩阵'!B:B,A18,'比赛要求覆盖矩阵'!J:J,"需补充") | F18: =COUNTIFS('比赛要求覆盖矩阵'!B:B,A18,'比赛要求覆盖矩阵'!J:J,"文档外交付")
A19: 基本功能 | B19: =COUNTIF('比赛要求覆盖矩阵'!B:B,A19) | C19: =COUNTIFS('比赛要求覆盖矩阵'!B:B,A19,'比赛要求覆盖矩阵'!J:J,"完全覆盖") | D19: =COUNTIFS('比赛要求覆盖矩阵'!B:B,A19,'比赛要求覆盖矩阵'!J:J,"部分覆盖") | E19: =COUNTIFS('比赛要求覆盖矩阵'!B:B,A19,'比赛要求覆盖矩阵'!J:J,"需补充") | F19: =COUNTIFS('比赛要求覆盖矩阵'!B:B,A19,'比赛要求覆盖矩阵'!J:J,"文档外交付")
A20: 实现与数据 | B20: =COUNTIF('比赛要求覆盖矩阵'!B:B,A20) | C20: =COUNTIFS('比赛要求覆盖矩阵'!B:B,A20,'比赛要求覆盖矩阵'!J:J,"完全覆盖") | D20: =COUNTIFS('比赛要求覆盖矩阵'!B:B,A20,'比赛要求覆盖矩阵'!J:J,"部分覆盖") | E20: =COUNTIFS('比赛要求覆盖矩阵'!B:B,A20,'比赛要求覆盖矩阵'!J:J,"需补充") | F20: =COUNTIFS('比赛要求覆盖矩阵'!B:B,A20,'比赛要求覆盖矩阵'!J:J,"文档外交付")
A21: 提交材料 | B21: =COUNTIF('比赛要求覆盖矩阵'!B:B,A21) | C21: =COUNTIFS('比赛要求覆盖矩阵'!B:B,A21,'比赛要求覆盖矩阵'!J:J,"完全覆盖") | D21: =COUNTIFS('比赛要求覆盖矩阵'!B:B,A21,'比赛要求覆盖矩阵'!J:J,"部分覆盖") | E21: =COUNTIFS('比赛要求覆盖矩阵'!B:B,A21,'比赛要求覆盖矩阵'!J:J,"需补充") | F21: =COUNTIFS('比赛要求覆盖矩阵'!B:B,A21,'比赛要求覆盖矩阵'!J:J,"文档外交付")
A22: 文档要求 | B22: =COUNTIF('比赛要求覆盖矩阵'!B:B,A22) | C22: =COUNTIFS('比赛要求覆盖矩阵'!B:B,A22,'比赛要求覆盖矩阵'!J:J,"完全覆盖") | D22: =COUNTIFS('比赛要求覆盖矩阵'!B:B,A22,'比赛要求覆盖矩阵'!J:J,"部分覆盖") | E22: =COUNTIFS('比赛要求覆盖矩阵'!B:B,A22,'比赛要求覆盖矩阵'!J:J,"需补充") | F22: =COUNTIFS('比赛要求覆盖矩阵'!B:B,A22,'比赛要求覆盖矩阵'!J:J,"文档外交付")
A23: 非功能体验 | B23: =COUNTIF('比赛要求覆盖矩阵'!B:B,A23) | C23: =COUNTIFS('比赛要求覆盖矩阵'!B:B,A23,'比赛要求覆盖矩阵'!J:J,"完全覆盖") | D23: =COUNTIFS('比赛要求覆盖矩阵'!B:B,A23,'比赛要求覆盖矩阵'!J:J,"部分覆盖") | E23: =COUNTIFS('比赛要求覆盖矩阵'!B:B,A23,'比赛要求覆盖矩阵'!J:J,"需补充") | F23: =COUNTIFS('比赛要求覆盖矩阵'!B:B,A23,'比赛要求覆盖矩阵'!J:J,"文档外交付")
A24: 非功能合规 | B24: =COUNTIF('比赛要求覆盖矩阵'!B:B,A24) | C24: =COUNTIFS('比赛要求覆盖矩阵'!B:B,A24,'比赛要求覆盖矩阵'!J:J,"完全覆盖") | D24: =COUNTIFS('比赛要求覆盖矩阵'!B:B,A24,'比赛要求覆盖矩阵'!J:J,"部分覆盖") | E24: =COUNTIFS('比赛要求覆盖矩阵'!B:B,A24,'比赛要求覆盖矩阵'!J:J,"需补充") | F24: =COUNTIFS('比赛要求覆盖矩阵'!B:B,A24,'比赛要求覆盖矩阵'!J:J,"文档外交付")
A25: 非功能性能 | B25: =COUNTIF('比赛要求覆盖矩阵'!B:B,A25) | C25: =COUNTIFS('比赛要求覆盖矩阵'!B:B,A25,'比赛要求覆盖矩阵'!J:J,"完全覆盖") | D25: =COUNTIFS('比赛要求覆盖矩阵'!B:B,A25,'比赛要求覆盖矩阵'!J:J,"部分覆盖") | E25: =COUNTIFS('比赛要求覆盖矩阵'!B:B,A25,'比赛要求覆盖矩阵'!J:J,"需补充") | F25: =COUNTIFS('比赛要求覆盖矩阵'!B:B,A25,'比赛要求覆盖矩阵'!J:J,"文档外交付")
A26: 非功能质量 | B26: =COUNTIF('比赛要求覆盖矩阵'!B:B,A26) | C26: =COUNTIFS('比赛要求覆盖矩阵'!B:B,A26,'比赛要求覆盖矩阵'!J:J,"完全覆盖") | D26: =COUNTIFS('比赛要求覆盖矩阵'!B:B,A26,'比赛要求覆盖矩阵'!J:J,"部分覆盖") | E26: =COUNTIFS('比赛要求覆盖矩阵'!B:B,A26,'比赛要求覆盖矩阵'!J:J,"需补充") | F26: =COUNTIFS('比赛要求覆盖矩阵'!B:B,A26,'比赛要求覆盖矩阵'!J:J,"文档外交付")
A29: 审核结论提示
A30: 当前需求规格说明书 v1.2 已关闭覆盖矩阵中的 18 个部分覆盖项；PPT、说明视频、源码包等仍按文档外交付单独管理。

Sheet 比赛要求覆盖矩阵
A1: 序号 | B1: 要求分类 | C1: 要求编号 | D1: 比赛要求/验收关注点 | E1: 性质/优先级 | F1: 需求文档承接章节 | G1: 对应用例 | H1: 对应功能需求 | I1: 对应非功能/数据/接口 | J1: 覆盖结论 | K1: 证据说明 | L1: 补充动作
A2: 1 | B2: 基本功能 | C2: RQ-F01 | D2: 系统通过自然语言交互采集学生信息。 | E2: 必做/P0 | F2: 3.1 参与者；5.2 学习画像；6.1 画像构建流程 | G2: UC-01 | H2: FR-002 | I2: LearningProfile、ProfileEvent | J2: 完全覆盖 | K2: 需求文档明确对话采集、字段确认和画像版本化。 | L2: 按画像抽取测试用例验证。
A3: 2 | B3: 基本功能 | C3: RQ-F02 | D3: 由大模型自动抽取画像特征。 | E3: 必做/P0 | F3: 5.2 学习画像；7.1 外部能力 | G3: UC-01 | H3: FR-002 | I3: ModelService、ProfileSet | J3: 完全覆盖 | K3: 画像抽取被定义为模型能力和系统业务流程。 | L3: 补充抽取准确率样例集。
A4: 3 | B4: 基本功能 | C4: RQ-F03 | D4: 画像维度不少于 6 个，并可按系统设计扩展。 | E4: 必做/P0 | F4: 5.2 学习画像 | G4: UC-01 | H4: FR-002 | I4: LearningProfile | J4: 完全覆盖 | K4: 需求文档覆盖专业背景、知识基础、学习目标、学习历史、偏好、短板等维度。 | L4: 在测试集中逐项校验字段完整性。
A5: 4 | B5: 基本功能 | C5: RQ-F04 | D5: 学习画像应支持动态更新。 | E5: 必做/P0 | F5: 5.2 学习画像；6.4 学习评估闭环 | G5: UC-01/UC-06 | H5: FR-003/FR-013 | I5: ProfileEvent、Report | J5: 完全覆盖 | K5: 学习行为、练习结果和反馈可触发画像版本更新。 | L5: 验证画像版本号和变更原因。
A6: 5 | B6: 基本功能 | C6: RQ-F05 | D6: 系统必须体现多智能体架构设计。 | E6: 必做/P0 | F6: 5.5 多 Agent 编排；7.1 外部能力 | G6: UC-02/UC-09 | H6: FR-007 | I6: AgentRun、AgentLog | J6: 完全覆盖 | K6: 需求中定义画像、检索、资源、审核、路径等 Agent 协作。 | L6: 后续架构设计文档补流程图。
A7: 6 | B7: 基本功能 | C7: RQ-F06 | D7: 不同智能体应有角色、职责和协作流程。 | E7: 必做/P0 | F7: 5.5 多 Agent 编排；8 数据模型 | G7: UC-02/UC-09 | H7: FR-007 | I7: AgentRun、AgentLog | J7: 完全覆盖 | K7: 需求中要求记录 Agent 节点、输入输出、状态和失败原因。 | L7: 补充 Agent Contract 明细。
A8: 7 | B8: 基本功能 | C8: RQ-F07 | D8: 至少支持 5 种个性化资源生成。 | E8: 必做/P0 | F8: 5.6 个性化资源生成 | G8: UC-02 | H8: FR-008 | I8: Resource、ResourceSet | J8: 完全覆盖 | K8: 资源类型覆盖讲义、导图、题目、阅读、实操、项目材料等。 | L8: 按资源类型建立验收样例。
A9: 8 | B9: 基本功能 | C9: RQ-F08 | D9: 支持专业课程讲解文档生成。 | E9: 必做/P0 | F9: 5.6 个性化资源生成 | G9: UC-02 | H9: FR-008 | I9: Resource | J9: 完全覆盖 | K9: 文档类资源作为基础资源类型承接。 | L9: 抽样检查引用和层级适配。
A10: 9 | B10: 基本功能 | C10: RQ-F09 | D10: 支持知识点思维导图或知识结构资源。 | E10: 必做/P0 | F10: 5.4 知识图谱；5.6 个性化资源生成 | G10: UC-02 | H10: FR-005/FR-008 | I10: GraphNode、GraphEdge、Resource | J10: 完全覆盖 | K10: 知识图谱和导图类资源共同承接结构化学习要求。 | L10: 补充导图导出或渲染验收。
A11: 10 | B11: 基本功能 | C11: RQ-F10 | D11: 支持不同类型练习题目生成。 | E11: 必做/P0 | F11: 5.6 资源生成；5.8 练习诊断 | G11: UC-02/UC-04 | H11: FR-008/FR-010 | I11: Resource、PracticeSubmission | J11: 完全覆盖 | K11: 题库、练习提交、错因诊断均有需求映射。 | L11: 覆盖选择、判断、简答、编程题样例。
A12: 11 | B12: 基本功能 | C12: RQ-F11 | D12: 支持拓展阅读材料推荐或生成。 | E12: 必做/P0 | F12: 5.3 课程知识库；5.6 资源生成 | G12: UC-02/UC-05 | H12: FR-006/FR-008 | I12: KnowledgeChunk、Resource | J12: 完全覆盖 | K12: RAG 引用和资源生成支持拓展阅读摘要与来源。 | L12: 补充参考文献来源清单。
... A46: 45 | B46: 提交材料 | C46: RQ-S04 | D46: 提交 AI Coding 工具说明。 | E46: 交付/P0 | F46: 10.12 合规性 | G46: 不适用 | H46: 不适用 | I46: NFR-012 | J46: 文档外交付 | K46: 合规要求已纳入 SRS；具体说明属于交付文档。 | L46: 单独生成 AI 工具说明文件。

Sheet 缺口与动作清单
A1: 缺口编号 | B1: 关联要求 | C1: 原缺口摘要 | D1: v1.2 关闭证据 | E1: 关闭动作 | F1: 优先级 | G1: 状态
A2: GAP-001 | B2: RQ-F12 | C2: v1.0 矩阵标记为部分覆盖。 | D2: 第 5.1 节已明确视频/动画类材料可播放形态、分镜脚本、关键帧、降级标记和质量要求。 | E2: 已补齐。 | F2: P0/P1 | G2: 已关闭
A3: GAP-002 | B3: RQ-F17 | C3: v1.0 矩阵标记为部分覆盖。 | D3: 第 5 章 FR-012 和第 5.1 节已要求资源推送覆盖文档、视频/动画、题库和实操案例。 | E3: 已补齐。 | F3: P0/P1 | G3: 已关闭
A4: GAP-003 | B4: RQ-NF01 | C4: v1.0 矩阵标记为部分覆盖。 | D4: 第 6 章已补充页面范围、资源卡片、状态、可访问性和截图验收要求。 | E4: 已补齐。 | F4: P0/P1 | G4: 已关闭
A5: GAP-004 | B5: RQ-NF02 | C5: v1.0 矩阵标记为部分覆盖。 | D5: 第 6.3 节已补充流式输出和超过 3 秒任务状态更新规则。 | E5: 已补齐。 | F5: P0/P1 | G5: 已关闭
A6: GAP-005 | B6: RQ-NF04 | C6: v1.0 矩阵标记为部分覆盖。 | D6: 第 6.2 节已补充多模态资源卡片字段、状态和操作入口。 | E6: 已补齐。 | F6: P0/P1 | G6: 已关闭
A7: GAP-006 | B7: RQ-NF06 | C7: v1.0 矩阵标记为部分覆盖。 | D7: 第 10.1 节已补充开源依赖、模型服务、AI 工具和课程资料来源清单。 | E7: 已补齐。 | F7: P0/P1 | G7: 已关闭
A8: GAP-007 | B8: RQ-NF09 | C8: v1.0 矩阵标记为部分覆盖。 | D8: 第 6.3 节和图 2 已补充任务状态机、进度追踪、失败重试和降级规则。 | E8: 已补齐。 | F8: P0/P1 | G8: 已关闭
A9: GAP-008 | B9: RQ-D01 | C9: v1.0 矩阵标记为部分覆盖。 | D9: 第 8 章已明确任务编排器、Agent Contract、模型网关和证据日志协同框架。 | E9: 已补齐。 | F9: P0/P1 | G9: 已关闭
A10: GAP-009 | B10: RQ-D02 | C10: v1.0 矩阵标记为部分覆盖。 | D10: 第 10.1 节和第 11 章已补充许可证、NOTICE、资料来源和合规验收要求。 | E10: 已补齐。 | F10: P0/P1 | G10: 已关闭
A11: GAP-010 | B11: RQ-D03 | C11: v1.0 矩阵标记为部分覆盖。 | D11: 第 10.1 节和附录 A 已补充 AI Coding 工具说明的字段和交付边界。 | E11: 已补齐。 | F11: P0/P1 | G11: 已关闭
A12: GAP-011 | B12: RQ-D05 | C12: v1.0 矩阵标记为部分覆盖。 | D12: 第 7.2 节已补充课程大纲、章节、教材、练习、实验、参考文献和多模态素材清单。 | E12: 已补齐。 | F12: P0/P1 | G12: 已关闭
... A19: GAP-018 | B19: RQ-P08 | C19: v1.0 矩阵标记为部分覆盖。 | D19: 第 4、6、8 章已补充用例图、架构图、闭环流程图和任务状态机。 | E19: 已补齐。 | F19: P0/P1 | G19: 已关闭

Sheet 验收追踪表
A1: 测试/证据编号 | B1: 验收主题 | C1: 关联比赛要求 | D1: 关联用例 | E1: 关联需求 | F1: 建议验收场景 | G1: 应保留证据
A2: TC-001 | B2: 画像构建 | C2: RQ-F01/RQ-F02/RQ-F03 | D2: UC-01 | E2: FR-002 | F2: 输入自然语言学习背景，系统生成不少于 6 类画像字段，并允许用户确认。 | G2: 画像字段完整率、抽取准确率、确认记录。
A3: TC-002 | B3: 画像动态更新 | C3: RQ-F04 | D3: UC-01/UC-06 | E3: FR-003/FR-013 | F3: 完成练习和资源反馈后，画像版本发生合理更新。 | G3: ProfileEvent、版本号、更新理由。
A4: TC-003 | B4: 多 Agent 协作 | C4: RQ-F05/RQ-F06 | D4: UC-02/UC-09 | E4: FR-007 | F4: 资源生成任务产生多个 Agent 节点日志，节点间输入输出可追踪。 | G4: AgentRun、AgentLog、失败重试记录。
A5: TC-004 | B5: 资源类型覆盖 | C5: RQ-F07~RQ-F14 | D5: UC-02/UC-04 | E5: FR-008/FR-010/FR-011 | F5: 同一学习目标下生成不少于 5 类资源，且体现画像差异。 | G5: ResourceSet、资源类型统计、引用依据。
A6: TC-005 | B6: 路径规划 | C6: RQ-F15/RQ-F16/RQ-F17 | D6: UC-03 | E6: FR-012/FR-013 | F6: 系统生成阶段目标、学习顺序、资源推送和动态调整结果。 | G6: LearningPath、路径版本、调整原因。
A7: TC-006 | B7: 智能辅导 | C7: RQ-F18 | D7: UC-05 | E7: FR-014 | F7: 学生围绕当前章节提问，系统结合画像和知识库答复。 | G7: 回答引用、上下文命中、拒答或风险标记。
A8: TC-007 | B8: 学习评估 | C8: RQ-F19 | D8: UC-06 | E8: FR-013 | F8: 系统根据行为、练习和反馈形成掌握度报告并给出下一步建议。 | G8: Report、错因趋势、路径调整建议。
A9: TC-008 | B9: 防幻觉与内容安全 | C9: RQ-NF07 | D9: UC-02/UC-05/UC-08 | E9: FR-009/FR-014 | F9: 输入无依据问题、错误诱导和敏感内容，系统拒答或标记风险。 | G9: 风险标签、引用缺失提示、审核队列记录。
A10: TC-009 | B10: 体验与性能 | C10: RQ-NF01/RQ-NF02/RQ-NF08/RQ-NF09 | D10: UC-02/UC-05 | E10: FR-017/FR-018 | F10: 普通交互响应满足目标，长任务展示进度或流式内容。 | G10: P95 延迟、任务状态、前端截图。
A11: TC-010 | B11: 合规与交付 | C11: RQ-NF06/RQ-D02/RQ-D03/RQ-S04 | D11: UC-11 | E11: FR-018 | F11: 依赖、模型服务、AI 工具和资料来源均可追溯。 | G11: 依赖清单、协议说明、AI 工具说明。
A12: TC-011 | B12: 课程知识库 | C12: RQ-D04/RQ-D05 | D12: UC-07 | E12: FR-004 | F12: 导入一门完整课程资料，支持检索引用和版本维护。 | G12: 知识库目录、样例文档、检索命中记录。
A13: TC-012 | B13: 文档完整性 | C13: RQ-P01~RQ-P08 | D13: 不适用 | E13: 文档体系 | F13: 需求、开发、测试、部署、UI、集成和优化文档形成闭环。 | G13: 文档目录、版本记录、图表清单。

Sheet 审核方法
A1: 需求文档正确性审核方法
A3: 步骤 | B3: 审核问题 | C3: 通过标准 | D3: 常见不通过表现 | E3: 对应工作表 | F3: 处理建议
A4: 1 | B4: 比赛要求是否被完整拆分？ | C4: 每条比赛功能、非功能、实现数据、文档提交要求均有编号。 | D4: 只做概括，没有逐条编号。 | E4: 比赛要求覆盖矩阵 | F4: 从原始比赛要求逐条复核，缺项新增 RQ 行。
A5: 2 | B5: 每条要求是否可追溯？ | C5: P0/P1 要求能追到用例、功能需求、非功能或数据对象。 | D5: 只有口号式描述，找不到 UC/FR/NFR。 | E5: 比赛要求覆盖矩阵 | F5: 补充需求编号或调整需求规格说明书。
A6: 3 | B6: 每条要求是否可验收？ | C6: 有测试场景、证据或交付物，能够判断通过/失败。 | D6: 没有测试口径，无法证明实现。 | E6: 验收追踪表 | F6: 新增测试用例、评测集、截图或日志证据。
A7: 4 | B7: 部分覆盖是否有关闭动作？ | C7: 所有“部分覆盖/需补充”均进入缺口清单。 | D7: 缺口只写在备注里，没有负责人或动作。 | E7: 缺口与动作清单 | F7: 按优先级推进并更新状态。
A8: 5 | B8: 系统边界是否一致？ | C8: 提交材料和产品功能分开，不把交付材料写成系统角色或系统功能。 | D8: 把比赛展示、PPT、视频等交付物混进产品功能。 | E8: 覆盖总览/矩阵 | F8: 保留为交付清单，不进入用户系统需求。
A9: 6 | B9: 需求是否生产级？ | C9: 关键需求有数据、接口、性能、安全、可观测性和异常处理约束。 | D9: 只列功能点，没有质量属性和失败处理。 | E9: 需求规格说明书/矩阵 | F9: 补充 NFR、接口、数据模型和验收规则。
